<?xml version="1.0" encoding="UTF-8"?>
<!--___INFO__MARK_BEGIN__
/*************************************************************************
 *
 *  The Contents of this file are made available subject to the terms of
 *  the Sun Industry Standards Source License Version 1.2
 *
 *  Sun Microsystems Inc., March, 2001
 *
 *
 *  Sun Industry Standards Source License Version 1.2
 *  =================================================
 *  The contents of this file are subject to the Sun Industry Standards
 *  Source License Version 1.2 (the "License"); You may not use this file
 *  except in compliance with the License. You may obtain a copy of the
 *  License at http://gridengine.sunsource.net/Gridengine_SISSL_license.html
 *
 *  Software provided under this License is provided on an "AS IS" basis,
 *  WITHOUT WARRANTY OF ANY KIND, EITHER EXPRESSED OR IMPLIED, INCLUDING,
 *  WITHOUT LIMITATION, WARRANTIES THAT THE SOFTWARE IS FREE OF DEFECTS,
 *  MERCHANTABLE, FIT FOR A PARTICULAR PURPOSE, OR NON-INFRINGING.
 *  See the License for the specific provisions governing your rights and
 *  obligations concerning the Software.
 *
 *  The Initial Developer of the Original Code is: Sun Microsystems, Inc.
 *
 *  Copyright: 2001 by Sun Microsystems, Inc.
 *
 *  All Rights Reserved.
 *
 ************************************************************************/
___INFO__MARK_END__-->
<icons>
    <icon res="/img/columnsSortedAsc.png" id="columns.sorted.asc"/>
    <icon res="/img/columnsSortedDesc.png" id="columns.sorted.desc"/>
    <icon res="/img/summary_report_16.png" id="frame.log"/>
    <icon res="/img/generic_desktop_shortcut_icon_16.png" id="install"/>
    <icon res="/img/save_16.png" id="save"/>
    <icon res="/img/print_16.png" id="print"/>
    <icon res="/img/search.png" id="search"/>
    <icon res="/img/error_small_16.png" id="error.small"/>
    <icon res="/img/refresh_16.png" id="refresh"/>
    <icon res="/img/options_16.png" id="options"/>
</icons>
